{
  "best_model": "Logistic Regression",
  "selection_criteria": "Highest ROC-AUC, then F1-Score and Accuracy",
  "metrics": {
    "accuracy": 0.9649122807017544,
    "precision": 0.975,
    "recall": 0.9285714285714286,
    "f1_score": 0.9512195121951219,
    "roc_auc": 0.996031746031746
  }
}