group,feature_count,mean_of_means,mean_std,min_value,max_value
mean_features,10.0,78.08574565284711,38.42580689985552,0.0,2501.0
se_features,10.0,4.492570996994728,4.841000068103966,0.0,542.2
worst_features,10.0,103.09382036871705,61.447348841750205,0.0,4254.0
