prediction,malignancy_probability
Malignant,0.9999999852995352
Malignant,0.9998576613753853
Malignant,0.9999993567153039
